2017.01.01,01:00,1.2342,1.2442,1.2243,1.2396,1
2017.01.01,02:00,1.2396,1.2496,1.2301,1.2303,1
2017.01.01,03:00,1.2303,1.2402,1.2204,1.2381,1
2017.01.01,04:00,1.2381,1.2477,1.2284,1.2287,1
2017.01.01,05:00,1.2287,1.2386,1.2187,1.2334,1
2017.01.01,06:00,1.2334,1.2433,1.2235,1.2342,1
2017.01.01,07:00,1.2342,1.244,1.2244,1.2347,1
2017.01.01,08:00,1.2347,1.2447,1.2251,1.236,1
2017.01.01,09:00,1.236,1.246,1.2265,1.2407,1
2017.01.01,10:00,1.2407,1.2506,1.2307,1.2363,1
2017.01.01,11:00,1.2363,1.2463,1.2264,1.239,1
2017.01.01,12:00,1.239,1.2482,1.2291,1.2422,1
2017.01.01,13:00,1.2422,1.2513,1.2323,1.2489,1
2017.01.01,14:00,1.2489,1.2588,1.2391,1.2487,1
2017.01.01,15:00,1.2487,1.2585,1.2388,1.2536,1
2017.01.01,16:00,1.2536,1.2635,1.2439,1.2627,1
2017.01.01,17:00,1.2627,1.2719,1.2529,1.2614,1
2017.01.01,18:00,1.2614,1.2714,1.2516,1.252,1
2017.01.01,19:00,1.252,1.2618,1.2433,1.2441,1
2017.01.01,20:00,1.2441,1.254,1.2341,1.2514,1
2017.01.01,21:00,1.2514,1.2613,1.242,1.2432,1
2017.01.01,22:00,1.2432,1.2532,1.2333,1.2339,1
2017.01.01,23:00,1.2339,1.2438,1.2242,1.2389,1
2017.01.02,00:00,1.2389,1.2488,1.229,1.239,1
2017.01.02,01:00,1.239,1.2487,1.2302,1.2456,1
2017.01.02,02:00,1.2456,1.2552,1.2359,1.2543,1
2017.01.02,03:00,1.2543,1.2641,1.2448,1.259,1
2017.01.02,04:00,1.259,1.2687,1.2492,1.2668,1
2017.01.02,05:00,1.2668,1.2767,1.257,1.2711,1
2017.01.02,06:00,1.2711,1.281,1.2613,1.2643,1
2017.01.02,07:00,1.2643,1.2736,1.2547,1.269,1
2017.01.02,08:00,1.269,1.2786,1.2592,1.2592,1
2017.01.02,09:00,1.2592,1.2689,1.2495,1.2633,1
2017.01.02,10:00,1.2633,1.2729,1.2534,1.2596,1
2017.01.02,11:00,1.2596,1.2694,1.2496,1.2603,1
2017.01.02,12:00,1.2603,1.2698,1.2504,1.2605,1
2017.01.02,13:00,1.2605,1.2704,1.2507,1.2595,1
2017.01.02,14:00,1.2595,1.2686,1.25,1.2508,1
2017.01.02,15:00,1.2508,1.2605,1.2411,1.2447,1
2017.01.02,16:00,1.2447,1.2547,1.2354,1.2382,1
2017.01.02,17:00,1.2382,1.2481,1.2282,1.2355,1
2017.01.02,18:00,1.2355,1.2454,1.2258,1.2421,1
2017.01.02,19:00,1.2421,1.2517,1.2323,1.2433,1
2017.01.02,20:00,1.2433,1.2532,1.2337,1.2429,1
2017.01.02,21:00,1.2429,1.2528,1.2335,1.2351,1
2017.01.02,22:00,1.2351,1.2449,1.2255,1.2266,1
2017.01.02,23:00,1.2266,1.2366,1.2167,1.2213,1
2017.01.03,00:00,1.2213,1.2312,1.2113,1.2235,1
2017.01.03,01:00,1.2235,1.2329,1.2144,1.222,1
2017.01.03,02:00,1.222,1.2319,1.2121,1.23,1
2017.01.03,03:00,1.23,1.2392,1.2201,1.2321,1
2017.01.03,04:00,1.2321,1.2417,1.2221,1.2407,1
2017.01.03,05:00,1.2407,1.2506,1.2313,1.2501,1
2017.01.03,06:00,1.2501,1.2599,1.2402,1.2563,1
2017.01.03,07:00,1.2563,1.2662,1.2466,1.2655,1
2017.01.03,08:00,1.2655,1.2748,1.2556,1.2667,1
2017.01.03,09:00,1.2667,1.2767,1.2568,1.2616,1
2017.01.03,10:00,1.2616,1.2715,1.2517,1.2539,1
2017.01.03,11:00,1.2539,1.2634,1.2445,1.2572,1
2017.01.03,12:00,1.2572,1.2668,1.2472,1.2668,1
2017.01.03,13:00,1.2668,1.2768,1.2572,1.2701,1
2017.01.03,14:00,1.2701,1.2799,1.2603,1.2608,1
2017.01.03,15:00,1.2608,1.2704,1.251,1.259,1
2017.01.03,16:00,1.259,1.2687,1.2491,1.2613,1
2017.01.03,17:00,1.2613,1.2712,1.2514,1.2698,1
2017.01.03,18:00,1.2698,1.2798,1.2605,1.2706,1
2017.01.03,19:00,1.2706,1.2802,1.2607,1.2648,1
2017.01.03,20:00,1.2648,1.2745,1.2551,1.2685,1
2017.01.03,21:00,1.2685,1.278,1.2586,1.2691,1
2017.01.03,22:00,1.2691,1.279,1.2592,1.2699,1
2017.01.03,23:00,1.2699,1.2799,1.2601,1.2648,1
2017.01.04,00:00,1.2648,1.2748,1.2551,1.2592,1
2017.01.04,01:00,1.2592,1.2689,1.2499,1.2585,1
2017.01.04,02:00,1.2585,1.2679,1.2485,1.2621,1
2017.01.04,03:00,1.2621,1.2721,1.2529,1.2624,1
2017.01.04,04:00,1.2624,1.2722,1.2528,1.2567,1
2017.01.04,05:00,1.2567,1.2662,1.2476,1.2487,1
2017.01.04,06:00,1.2487,1.2584,1.2387,1.2521,1
2017.01.04,07:00,1.2521,1.2621,1.2423,1.2621,1
2017.01.04,08:00,1.2621,1.2717,1.2526,1.2604,1
2017.01.04,09:00,1.2604,1.2696,1.2512,1.262,1
2017.01.04,10:00,1.262,1.2718,1.2528,1.2619,1
2017.01.04,11:00,1.2619,1.2717,1.252,1.255,1
2017.01.04,12:00,1.255,1.2646,1.245,1.257,1
2017.01.04,13:00,1.257,1.2669,1.2471,1.2652,1
2017.01.04,14:00,1.2652,1.2745,1.2553,1.2631,1
2017.01.04,15:00,1.2631,1.2731,1.2533,1.2567,1
2017.01.04,16:00,1.2567,1.2666,1.2468,1.2478,1
2017.01.04,17:00,1.2478,1.2576,1.2381,1.2485,1
2017.01.04,18:00,1.2485,1.2583,1.2387,1.2502,1
2017.01.04,19:00,1.2502,1.2601,1.2407,1.2534,1
2017.01.04,20:00,1.2534,1.2631,1.245,1.254,1
2017.01.04,21:00,1.254,1.2639,1.244,1.2627,1
2017.01.04,22:00,1.2627,1.272,1.254,1.2589,1
2017.01.04,23:00,1.2589,1.2685,1.2494,1.2627,1
2017.01.05,00:00,1.2627,1.2726,1.2545,1.2659,1
2017.01.05,01:00,1.2659,1.2757,1.2567,1.2576,1
2017.01.05,02:00,1.2576,1.2674,1.2479,1.2573,1
2017.01.05,03:00,1.2573,1.267,1.2476,1.2629,1
2017.01.05,04:00,1.2629,1.2723,1.2533,1.2698,1
2017.01.05,05:00,1.2698,1.279,1.2599,1.2599,1
2017.01.05,06:00,1.2599,1.2699,1.2508,1.2568,1
2017.01.05,07:00,1.2568,1.2668,1.2473,1.251,1
2017.01.05,08:00,1.251,1.261,1.2415,1.2582,1
2017.01.05,09:00,1.2582,1.2679,1.2486,1.2609,1
2017.01.05,10:00,1.2609,1.2702,1.2509,1.2528,1
2017.01.05,11:00,1.2528,1.2626,1.2429,1.2514,1
2017.01.05,12:00,1.2514,1.2612,1.2415,1.2591,1
2017.01.05,13:00,1.2591,1.2687,1.2491,1.2679,1
2017.01.05,14:00,1.2679,1.2779,1.258,1.2677,1
2017.01.05,15:00,1.2677,1.2777,1.2592,1.2768,1
2017.01.05,16:00,1.2768,1.2868,1.267,1.2779,1
2017.01.05,17:00,1.2779,1.2877,1.2679,1.2741,1
2017.01.05,18:00,1.2741,1.2836,1.2645,1.2712,1
2017.01.05,19:00,1.2712,1.2803,1.2612,1.2714,1
2017.01.05,20:00,1.2714,1.2811,1.2615,1.2664,1
2017.01.05,21:00,1.2664,1.2762,1.2569,1.2757,1
2017.01.05,22:00,1.2757,1.2849,1.2659,1.2773,1
2017.01.05,23:00,1.2773,1.287,1.2673,1.2839,1
2017.01.06,00:00,1.2839,1.2937,1.2748,1.2902,1
2017.01.06,01:00,1.2902,1.3002,1.2803,1.2881,1
2017.01.06,02:00,1.2881,1.2979,1.2786,1.2917,1
2017.01.06,03:00,1.2917,1.3008,1.2817,1.2966,1
2017.01.06,04:00,1.2966,1.3064,1.2867,1.3,1
2017.01.06,05:00,1.3,1.3098,1.2902,1.2903,1
2017.01.06,06:00,1.2903,1.3002,1.2806,1.2868,1
2017.01.06,07:00,1.2868,1.2962,1.2771,1.2896,1
2017.01.06,08:00,1.2896,1.2987,1.28,1.2825,1
2017.01.06,09:00,1.2825,1.292,1.2729,1.2876,1
2017.01.06,10:00,1.2876,1.2975,1.278,1.2931,1
2017.01.06,11:00,1.2931,1.3031,1.2832,1.2945,1
2017.01.06,12:00,1.2945,1.3034,1.2845,1.2858,1
2017.01.06,13:00,1.2858,1.2957,1.2766,1.2889,1
2017.01.06,14:00,1.2889,1.2972,1.2789,1.2874,1
2017.01.06,15:00,1.2874,1.2974,1.2778,1.2973,1
2017.01.06,16:00,1.2973,1.307,1.2874,1.3069,1
2017.01.06,17:00,1.3069,1.3165,1.2972,1.3067,1
2017.01.06,18:00,1.3067,1.3165,1.2968,1.3032,1
2017.01.06,19:00,1.3032,1.3131,1.2938,1.3069,1
2017.01.06,20:00,1.3069,1.3169,1.297,1.2977,1
2017.01.06,21:00,1.2977,1.3072,1.2877,1.3015,1
2017.01.06,22:00,1.3015,1.3111,1.2923,1.3,1
2017.01.06,23:00,1.3,1.309,1.2903,1.3023,1
2017.01.07,00:00,1.3023,1.3115,1.2924,1.3032,1
2017.01.07,01:00,1.3032,1.313,1.2938,1.3104,1
2017.01.07,02:00,1.3104,1.3195,1.3005,1.3135,1
2017.01.07,03:00,1.3135,1.3232,1.3039,1.3134,1
2017.01.07,04:00,1.3134,1.3232,1.3035,1.3051,1
2017.01.07,05:00,1.3051,1.3151,1.2956,1.2982,1
2017.01.07,06:00,1.2982,1.3081,1.2893,1.3022,1
2017.01.07,07:00,1.3022,1.312,1.2925,1.3083,1
2017.01.07,08:00,1.3083,1.3182,1.2984,1.316,1
2017.01.07,09:00,1.316,1.3259,1.3065,1.3173,1
2017.01.07,10:00,1.3173,1.3267,1.3083,1.3207,1
2017.01.07,11:00,1.3207,1.3303,1.3119,1.314,1
2017.01.07,12:00,1.314,1.3238,1.3049,1.3212,1
2017.01.07,13:00,1.3212,1.3306,1.312,1.3306,1
2017.01.07,14:00,1.3306,1.3403,1.3209,1.3258,1
2017.01.07,15:00,1.3258,1.3358,1.3162,1.3244,1
2017.01.07,16:00,1.3244,1.3335,1.3147,1.3171,1
2017.01.07,17:00,1.3171,1.3266,1.3074,1.3251,1
2017.01.07,18:00,1.3251,1.3349,1.3153,1.332,1
2017.01.07,19:00,1.332,1.3418,1.3225,1.3297,1
2017.01.07,20:00,1.3297,1.3396,1.32,1.3272,1
2017.01.07,21:00,1.3272,1.3372,1.3177,1.3287,1
2017.01.07,22:00,1.3287,1.338,1.3189,1.3196,1
2017.01.07,23:00,1.3196,1.3295,1.3114,1.3211,1
2017.01.08,00:00,1.3211,1.3309,1.3111,1.3193,1
2017.01.08,01:00,1.3193,1.329,1.3094,1.3144,1
2017.01.08,02:00,1.3144,1.3238,1.305,1.3238,1
2017.01.08,03:00,1.3238,1.3328,1.3139,1.3197,1
2017.01.08,04:00,1.3197,1.3294,1.3105,1.3278,1
2017.01.08,05:00,1.3278,1.3371,1.3178,1.3263,1
2017.01.08,06:00,1.3263,1.3358,1.3164,1.3201,1
2017.01.08,07:00,1.3201,1.33,1.3104,1.3168,1
2017.01.08,08:00,1.3168,1.3249,1.307,1.3217,1
2017.01.08,09:00,1.3217,1.3313,1.312,1.3212,1
2017.01.08,10:00,1.3212,1.3311,1.312,1.3256,1
2017.01.08,11:00,1.3256,1.3349,1.3159,1.321,1
2017.01.08,12:00,1.321,1.3307,1.3112,1.3292,1
2017.01.08,13:00,1.3292,1.3391,1.3195,1.3217,1
2017.01.08,14:00,1.3217,1.3315,1.3117,1.3287,1
2017.01.08,15:00,1.3287,1.3384,1.3192,1.3297,1
2017.01.08,16:00,1.3297,1.3394,1.3209,1.3214,1
2017.01.08,17:00,1.3214,1.331,1.3116,1.3214,1
2017.01.08,18:00,1.3214,1.3308,1.3118,1.3228,1
2017.01.08,19:00,1.3228,1.3325,1.3129,1.3291,1
2017.01.08,20:00,1.3291,1.3389,1.3192,1.3369,1
2017.01.08,21:00,1.3369,1.3469,1.3279,1.3309,1
2017.01.08,22:00,1.3309,1.3407,1.321,1.3239,1
2017.01.08,23:00,1.3239,1.3339,1.3143,1.3281,1
2017.01.09,00:00,1.3281,1.3377,1.3183,1.3314,1
2017.01.09,01:00,1.3314,1.3409,1.3218,1.3293,1
2017.01.09,02:00,1.3293,1.3392,1.3193,1.3271,1
2017.01.09,03:00,1.3271,1.3368,1.3171,1.3231,1
2017.01.09,04:00,1.3231,1.3327,1.3134,1.3217,1
2017.01.09,05:00,1.3217,1.3311,1.3117,1.3236,1
2017.01.09,06:00,1.3236,1.3335,1.3137,1.333,1
2017.01.09,07:00,1.333,1.3427,1.323,1.3294,1
2017.01.09,08:00,1.3294,1.3388,1.3197,1.335,1
2017.01.09,09:00,1.335,1.3449,1.3255,1.3265,1
2017.01.09,10:00,1.3265,1.3353,1.3167,1.3301,1
2017.01.09,11:00,1.3301,1.3399,1.3202,1.337,1
2017.01.09,12:00,1.337,1.3465,1.3275,1.331,1
2017.01.09,13:00,1.331,1.34,1.3213,1.3308,1
2017.01.09,14:00,1.3308,1.3403,1.3209,1.3387,1
2017.01.09,15:00,1.3387,1.3487,1.3289,1.3477,1
2017.01.09,16:00,1.3477,1.3572,1.3381,1.3488,1
2017.01.09,17:00,1.3488,1.3587,1.3389,1.3568,1
2017.01.09,18:00,1.3568,1.3663,1.347,1.3486,1
2017.01.09,19:00,1.3486,1.3586,1.3388,1.3465,1
2017.01.09,20:00,1.3465,1.3556,1.3367,1.3386,1
2017.01.09,21:00,1.3386,1.3484,1.3287,1.3453,1
2017.01.09,22:00,1.3453,1.3552,1.3355,1.3468,1
2017.01.09,23:00,1.3468,1.3566,1.3369,1.3424,1
2017.01.10,00:00,1.3424,1.352,1.3327,1.352,1
2017.01.10,01:00,1.352,1.3619,1.3426,1.3556,1
2017.01.10,02:00,1.3556,1.3652,1.3462,1.3641,1
2017.01.10,03:00,1.3641,1.374,1.3542,1.3595,1
2017.01.10,04:00,1.3595,1.3688,1.35,1.3645,1
2017.01.10,05:00,1.3645,1.3744,1.3546,1.3643,1
2017.01.10,06:00,1.3643,1.3739,1.3545,1.3721,1
2017.01.10,07:00,1.3721,1.3818,1.3625,1.3625,1
2017.01.10,08:00,1.3625,1.3725,1.3527,1.3725,1
2017.01.10,09:00,1.3725,1.3816,1.3627,1.3646,1
2017.01.10,10:00,1.3646,1.3746,1.3547,1.3695,1
2017.01.10,11:00,1.3695,1.3783,1.3601,1.3661,1
2017.01.10,12:00,1.3661,1.3757,1.3567,1.3598,1
2017.01.10,13:00,1.3598,1.3692,1.3499,1.3564,1
2017.01.10,14:00,1.3564,1.3663,1.3468,1.3606,1
2017.01.10,15:00,1.3606,1.3699,1.3507,1.3541,1
2017.01.10,16:00,1.3541,1.3632,1.3446,1.3595,1
2017.01.10,17:00,1.3595,1.3691,1.3495,1.3626,1
2017.01.10,18:00,1.3626,1.3726,1.3528,1.3638,1
2017.01.10,19:00,1.3638,1.3735,1.3546,1.3567,1
2017.01.10,20:00,1.3567,1.3666,1.3467,1.3568,1
2017.01.10,21:00,1.3568,1.3662,1.3469,1.3525,1
2017.01.10,22:00,1.3525,1.3618,1.3429,1.3535,1
2017.01.10,23:00,1.3535,1.3631,1.344,1.3452,1
2017.01.11,00:00,1.3452,1.3551,1.3356,1.3385,1
2017.01.11,01:00,1.3385,1.3485,1.3286,1.3455,1
2017.01.11,02:00,1.3455,1.3551,1.3356,1.3522,1
2017.01.11,03:00,1.3522,1.3621,1.3429,1.3529,1
2017.01.11,04:00,1.3529,1.3627,1.343,1.3467,1
2017.01.11,05:00,1.3467,1.3563,1.3369,1.3487,1
2017.01.11,06:00,1.3487,1.3585,1.3391,1.3415,1
2017.01.11,07:00,1.3415,1.3504,1.3316,1.3435,1
2017.01.11,08:00,1.3435,1.3527,1.3336,1.3338,1
2017.01.11,09:00,1.3338,1.3436,1.3239,1.3338,1
2017.01.11,10:00,1.3338,1.3436,1.3243,1.3345,1
2017.01.11,11:00,1.3345,1.3436,1.325,1.3276,1
2017.01.11,12:00,1.3276,1.3369,1.3183,1.3253,1
2017.01.11,13:00,1.3253,1.3348,1.3157,1.32,1
2017.01.11,14:00,1.32,1.3295,1.3102,1.3179,1
2017.01.11,15:00,1.3179,1.3275,1.3084,1.3139,1
2017.01.11,16:00,1.3139,1.3238,1.3045,1.3142,1
2017.01.11,17:00,1.3142,1.324,1.3051,1.3114,1
2017.01.11,18:00,1.3114,1.3213,1.3014,1.3107,1
2017.01.11,19:00,1.3107,1.3202,1.3011,1.31,1
2017.01.11,20:00,1.31,1.3193,1.301,1.3181,1
2017.01.11,21:00,1.3181,1.3278,1.3084,1.314,1
2017.01.11,22:00,1.314,1.3237,1.3043,1.3067,1
2017.01.11,23:00,1.3067,1.3165,1.2974,1.2983,1
2017.01.12,00:00,1.2983,1.3082,1.2884,1.3082,1
2017.01.12,01:00,1.3082,1.318,1.299,1.3066,1
2017.01.12,02:00,1.3066,1.3165,1.2968,1.3006,1
2017.01.12,03:00,1.3006,1.3104,1.2907,1.2948,1
2017.01.12,04:00,1.2948,1.3045,1.2854,1.2967,1
2017.01.12,05:00,1.2967,1.3057,1.2869,1.2946,1
2017.01.12,06:00,1.2946,1.304,1.2847,1.2951,1
2017.01.12,07:00,1.2951,1.3051,1.2853,1.2929,1
2017.01.12,08:00,1.2929,1.3026,1.2831,1.3013,1
2017.01.12,09:00,1.3013,1.3108,1.2917,1.3021,1
2017.01.12,10:00,1.3021,1.3118,1.2923,1.2993,1
2017.01.12,11:00,1.2993,1.3092,1.2893,1.3012,1
2017.01.12,12:00,1.3012,1.3111,1.2915,1.2958,1
2017.01.12,13:00,1.2958,1.3051,1.2859,1.2963,1
2017.01.12,14:00,1.2963,1.3061,1.2865,1.3001,1
2017.01.12,15:00,1.3001,1.31,1.2901,1.3048,1
2017.01.12,16:00,1.3048,1.3144,1.2952,1.3106,1
2017.01.12,17:00,1.3106,1.3205,1.3006,1.3063,1
2017.01.12,18:00,1.3063,1.3162,1.2967,1.3,1
2017.01.12,19:00,1.3,1.3096,1.29,1.2964,1
2017.01.12,20:00,1.2964,1.3061,1.2865,1.2981,1
2017.01.12,21:00,1.2981,1.3075,1.2881,1.2962,1
2017.01.12,22:00,1.2962,1.306,1.2863,1.2989,1
2017.01.12,23:00,1.2989,1.3088,1.2891,1.2905,1
2017.01.13,00:00,1.2905,1.3003,1.2814,1.2976,1
2017.01.13,01:00,1.2976,1.3072,1.2881,1.3038,1
2017.01.13,02:00,1.3038,1.3128,1.2939,1.3044,1
2017.01.13,03:00,1.3044,1.3127,1.2946,1.302,1
2017.01.13,04:00,1.302,1.3117,1.2925,1.299,1
2017.01.13,05:00,1.299,1.3089,1.2891,1.2919,1
2017.01.13,06:00,1.2919,1.3015,1.2826,1.2837,1
2017.01.13,07:00,1.2837,1.2937,1.2739,1.2851,1
2017.01.13,08:00,1.2851,1.295,1.276,1.2769,1
2017.01.13,09:00,1.2769,1.2868,1.2669,1.2815,1
2017.01.13,10:00,1.2815,1.2914,1.2721,1.2815,1
2017.01.13,11:00,1.2815,1.291,1.2715,1.2769,1
2017.01.13,12:00,1.2769,1.2869,1.2677,1.2841,1
2017.01.13,13:00,1.2841,1.2939,1.2747,1.2932,1
2017.01.13,14:00,1.2932,1.3031,1.284,1.2856,1
2017.01.13,15:00,1.2856,1.2955,1.2759,1.2907,1
2017.01.13,16:00,1.2907,1.3006,1.281,1.2926,1
2017.01.13,17:00,1.2926,1.3023,1.2835,1.29,1
2017.01.13,18:00,1.29,1.3,1.2802,1.2943,1
2017.01.13,19:00,1.2943,1.3041,1.2845,1.2956,1
2017.01.13,20:00,1.2956,1.3056,1.286,1.2962,1
2017.01.13,21:00,1.2962,1.3058,1.2862,1.2998,1
2017.01.13,22:00,1.2998,1.3092,1.2905,1.2958,1
2017.01.13,23:00,1.2958,1.3056,1.2863,1.2918,1
2017.01.14,00:00,1.2918,1.3018,1.2818,1.2833,1
2017.01.14,01:00,1.2833,1.2931,1.2736,1.2736,1
2017.01.14,02:00,1.2736,1.2828,1.2641,1.2672,1
2017.01.14,03:00,1.2672,1.2771,1.2572,1.277,1
2017.01.14,04:00,1.277,1.287,1.2678,1.2785,1
2017.01.14,05:00,1.2785,1.2885,1.2689,1.2885,1
2017.01.14,06:00,1.2885,1.298,1.2786,1.2971,1
2017.01.14,07:00,1.2971,1.3068,1.2879,1.2998,1
2017.01.14,08:00,1.2998,1.3095,1.2899,1.309,1
2017.01.14,09:00,1.309,1.319,1.299,1.3091,1
2017.01.14,10:00,1.3091,1.3191,1.2995,1.3109,1
2017.01.14,11:00,1.3109,1.3208,1.3014,1.3175,1
2017.01.14,12:00,1.3175,1.3273,1.3078,1.3117,1
2017.01.14,13:00,1.3117,1.3215,1.3023,1.3057,1
2017.01.14,14:00,1.3057,1.3157,1.296,1.2966,1
2017.01.14,15:00,1.2966,1.3062,1.287,1.2953,1
2017.01.14,16:00,1.2953,1.3052,1.2857,1.2875,1
2017.01.14,17:00,1.2875,1.2975,1.2782,1.2782,1
2017.01.14,18:00,1.2782,1.2877,1.2686,1.2721,1
2017.01.14,19:00,1.2721,1.2819,1.2623,1.2797,1
2017.01.14,20:00,1.2797,1.2896,1.2698,1.2732,1
2017.01.14,21:00,1.2732,1.283,1.2634,1.2663,1
2017.01.14,22:00,1.2663,1.2763,1.2565,1.2648,1
2017.01.14,23:00,1.2648,1.274,1.2553,1.2562,1
2017.01.15,00:00,1.2562,1.2661,1.2464,1.2535,1
2017.01.15,01:00,1.2535,1.2633,1.2436,1.2519,1
2017.01.15,02:00,1.2519,1.2613,1.242,1.2421,1
2017.01.15,03:00,1.2421,1.252,1.2322,1.2515,1
2017.01.15,04:00,1.2515,1.2606,1.2417,1.253,1
2017.01.15,05:00,1.253,1.2627,1.2435,1.2539,1
2017.01.15,06:00,1.2539,1.2639,1.2445,1.2456,1
2017.01.15,07:00,1.2456,1.2556,1.2356,1.2514,1
2017.01.15,08:00,1.2514,1.2608,1.2419,1.2441,1
2017.01.15,09:00,1.2441,1.2541,1.2342,1.25,1
2017.01.15,10:00,1.25,1.2598,1.2402,1.2569,1
2017.01.15,11:00,1.2569,1.2662,1.2483,1.2513,1
2017.01.15,12:00,1.2513,1.2613,1.2413,1.2586,1
2017.01.15,13:00,1.2586,1.2684,1.249,1.2614,1
2017.01.15,14:00,1.2614,1.2713,1.2518,1.2701,1
2017.01.15,15:00,1.2701,1.2799,1.2608,1.2675,1
2017.01.15,16:00,1.2675,1.2766,1.2593,1.2757,1
2017.01.15,17:00,1.2757,1.2852,1.2659,1.2843,1
2017.01.15,18:00,1.2843,1.2942,1.2744,1.2859,1
2017.01.15,19:00,1.2859,1.2951,1.2764,1.2951,1
2017.01.15,20:00,1.2951,1.3051,1.2855,1.2978,1
2017.01.15,21:00,1.2978,1.3062,1.288,1.3001,1
2017.01.15,22:00,1.3001,1.31,1.2906,1.3086,1
2017.01.15,23:00,1.3086,1.3177,1.2987,1.2987,1
2017.01.16,00:00,1.2987,1.3081,1.2888,1.2989,1
2017.01.16,01:00,1.2989,1.3087,1.2891,1.2998,1
2017.01.16,02:00,1.2998,1.3096,1.2901,1.2964,1
2017.01.16,03:00,1.2964,1.3063,1.2865,1.2937,1
2017.01.16,04:00,1.2937,1.3028,1.2839,1.3015,1
2017.01.16,05:00,1.3015,1.3112,1.2919,1.2945,1
2017.01.16,06:00,1.2945,1.3037,1.2846,1.2902,1
2017.01.16,07:00,1.2902,1.2999,1.2803,1.2862,1
2017.01.16,08:00,1.2862,1.2962,1.2768,1.2908,1
2017.01.16,09:00,1.2908,1.3006,1.2811,1.2864,1
2017.01.16,10:00,1.2864,1.2961,1.277,1.2913,1
2017.01.16,11:00,1.2913,1.3009,1.2814,1.2936,1
2017.01.16,12:00,1.2936,1.3034,1.2842,1.3008,1
2017.01.16,13:00,1.3008,1.3104,1.2911,1.3047,1
2017.01.16,14:00,1.3047,1.3136,1.2947,1.2952,1
2017.01.16,15:00,1.2952,1.304,1.2859,1.2907,1
2017.01.16,16:00,1.2907,1.3007,1.2813,1.2852,1
2017.01.16,17:00,1.2852,1.295,1.2761,1.2767,1
2017.01.16,18:00,1.2767,1.2864,1.2675,1.2751,1
2017.01.16,19:00,1.2751,1.2851,1.2651,1.2844,1
2017.01.16,20:00,1.2844,1.2944,1.2746,1.291,1
2017.01.16,21:00,1.291,1.2998,1.2814,1.2947,1
2017.01.16,22:00,1.2947,1.3042,1.285,1.285,1
2017.01.16,23:00,1.285,1.2948,1.2752,1.2905,1
2017.01.17,00:00,1.2905,1.3004,1.2808,1.2938,1
2017.01.17,01:00,1.2938,1.3035,1.284,1.2964,1
2017.01.17,02:00,1.2964,1.3055,1.2866,1.3042,1
2017.01.17,03:00,1.3042,1.3137,1.2943,1.2993,1
2017.01.17,04:00,1.2993,1.3093,1.2894,1.3075,1
2017.01.17,05:00,1.3075,1.3164,1.2979,1.3055,1
2017.01.17,06:00,1.3055,1.3149,1.2961,1.3149,1
2017.01.17,07:00,1.3149,1.3248,1.3049,1.3103,1
2017.01.17,08:00,1.3103,1.3203,1.3004,1.3128,1
2017.01.17,09:00,1.3128,1.3224,1.3029,1.3204,1
2017.01.17,10:00,1.3204,1.3302,1.311,1.3272,1
2017.01.17,11:00,1.3272,1.3368,1.3175,1.3253,1
2017.01.17,12:00,1.3253,1.3348,1.3155,1.328,1
2017.01.17,13:00,1.328,1.3378,1.3181,1.3287,1
2017.01.17,14:00,1.3287,1.3385,1.3187,1.3326,1
2017.01.17,15:00,1.3326,1.3425,1.3229,1.3268,1
2017.01.17,16:00,1.3268,1.3364,1.3168,1.336,1
2017.01.17,17:00,1.336,1.346,1.3266,1.3273,1
2017.01.17,18:00,1.3273,1.3373,1.3173,1.3323,1
2017.01.17,19:00,1.3323,1.3419,1.3226,1.331,1
2017.01.17,20:00,1.331,1.3409,1.3221,1.327,1
2017.01.17,21:00,1.327,1.3364,1.3176,1.3313,1
2017.01.17,22:00,1.3313,1.341,1.3215,1.3269,1
2017.01.17,23:00,1.3269,1.3362,1.3171,1.3292,1
2017.01.18,00:00,1.3292,1.3387,1.3194,1.3277,1
2017.01.18,01:00,1.3277,1.3375,1.3177,1.3265,1
2017.01.18,02:00,1.3265,1.3365,1.3176,1.3353,1
2017.01.18,03:00,1.3353,1.3453,1.3256,1.3353,1
2017.01.18,04:00,1.3353,1.3452,1.3254,1.3382,1
2017.01.18,05:00,1.3382,1.3476,1.3286,1.3328,1
2017.01.18,06:00,1.3328,1.3421,1.3228,1.334,1
2017.01.18,07:00,1.334,1.3434,1.3241,1.3321,1
2017.01.18,08:00,1.3321,1.3412,1.3223,1.3231,1
2017.01.18,09:00,1.3231,1.333,1.3131,1.3222,1
2017.01.18,10:00,1.3222,1.332,1.3124,1.3156,1
2017.01.18,11:00,1.3156,1.3253,1.3061,1.3225,1
2017.01.18,12:00,1.3225,1.3323,1.3127,1.3165,1
2017.01.18,13:00,1.3165,1.3263,1.3073,1.3208,1
2017.01.18,14:00,1.3208,1.3308,1.3109,1.3268,1
2017.01.18,15:00,1.3268,1.336,1.317,1.3196,1
2017.01.18,16:00,1.3196,1.328,1.3098,1.3218,1
2017.01.18,17:00,1.3218,1.3318,1.3118,1.3194,1
2017.01.18,18:00,1.3194,1.3285,1.3095,1.3168,1
2017.01.18,19:00,1.3168,1.3263,1.3075,1.3227,1
2017.01.18,20:00,1.3227,1.3324,1.3129,1.3156,1
2017.01.18,21:00,1.3156,1.3254,1.3056,1.3204,1
2017.01.18,22:00,1.3204,1.3299,1.3104,1.3229,1
2017.01.18,23:00,1.3229,1.3329,1.3138,1.3265,1
2017.01.19,00:00,1.3265,1.3363,1.3166,1.3217,1
2017.01.19,01:00,1.3217,1.3316,1.3118,1.313,1
2017.01.19,02:00,1.313,1.3227,1.3041,1.311,1
2017.01.19,03:00,1.311,1.3209,1.3013,1.3013,1
2017.01.19,04:00,1.3013,1.311,1.2917,1.2938,1
2017.01.19,05:00,1.2938,1.3037,1.2842,1.2991,1
2017.01.19,06:00,1.2991,1.3091,1.2892,1.2938,1
2017.01.19,07:00,1.2938,1.3034,1.2838,1.3016,1
2017.01.19,08:00,1.3016,1.3114,1.2923,1.3084,1
2017.01.19,09:00,1.3084,1.3177,1.2984,1.3006,1
2017.01.19,10:00,1.3006,1.3099,1.2907,1.2934,1
2017.01.19,11:00,1.2934,1.3033,1.2835,1.2886,1
2017.01.19,12:00,1.2886,1.2979,1.2787,1.2941,1
2017.01.19,13:00,1.2941,1.3039,1.2841,1.2942,1
2017.01.19,14:00,1.2942,1.3041,1.2843,1.3022,1
2017.01.19,15:00,1.3022,1.3122,1.2925,1.2991,1
2017.01.19,16:00,1.2991,1.3091,1.2898,1.2927,1
2017.01.19,17:00,1.2927,1.3026,1.2833,1.2932,1
2017.01.19,18:00,1.2932,1.3031,1.2841,1.2941,1
2017.01.19,19:00,1.2941,1.3038,1.2844,1.2918,1
2017.01.19,20:00,1.2918,1.3014,1.2819,1.287,1
2017.01.19,21:00,1.287,1.2962,1.2771,1.2859,1
2017.01.19,22:00,1.2859,1.2951,1.2766,1.2851,1
2017.01.19,23:00,1.2851,1.2943,1.2752,1.289,1
2017.01.20,00:00,1.289,1.2987,1.2796,1.294,1
2017.01.20,01:00,1.294,1.3027,1.284,1.285,1
2017.01.20,02:00,1.285,1.2943,1.2759,1.2857,1
2017.01.20,03:00,1.2857,1.2954,1.2757,1.2914,1
2017.01.20,04:00,1.2914,1.3009,1.2819,1.29,1
2017.01.20,05:00,1.29,1.2999,1.2807,1.2969,1
2017.01.20,06:00,1.2969,1.3065,1.2872,1.2998,1
2017.01.20,07:00,1.2998,1.3093,1.2901,1.2932,1
2017.01.20,08:00,1.2932,1.3029,1.2834,1.3002,1
2017.01.20,09:00,1.3002,1.3096,1.2903,1.2923,1
2017.01.20,10:00,1.2923,1.3014,1.2828,1.2954,1
2017.01.20,11:00,1.2954,1.3054,1.2855,1.2939,1
2017.01.20,12:00,1.2939,1.3038,1.2846,1.2916,1
2017.01.20,13:00,1.2916,1.3015,1.2817,1.2914,1
2017.01.20,14:00,1.2914,1.301,1.2823,1.2825,1
2017.01.20,15:00,1.2825,1.292,1.2735,1.2901,1
2017.01.20,16:00,1.2901,1.3,1.2803,1.2821,1
2017.01.20,17:00,1.2821,1.2917,1.2721,1.2885,1
2017.01.20,18:00,1.2885,1.2979,1.2785,1.2979,1
2017.01.20,19:00,1.2979,1.3076,1.2886,1.3001,1
2017.01.20,20:00,1.3001,1.3091,1.291,1.3057,1
2017.01.20,21:00,1.3057,1.3152,1.2962,1.3125,1
2017.01.20,22:00,1.3125,1.3224,1.3029,1.3083,1
2017.01.20,23:00,1.3083,1.3179,1.2986,1.3089,1
2017.01.21,00:00,1.3089,1.3185,1.2995,1.3014,1
2017.01.21,01:00,1.3014,1.3113,1.2916,1.2953,1
2017.01.21,02:00,1.2953,1.3043,1.2854,1.3041,1
2017.01.21,03:00,1.3041,1.3136,1.2942,1.299,1
2017.01.21,04:00,1.299,1.309,1.2895,1.2973,1
2017.01.21,05:00,1.2973,1.3065,1.2874,1.3051,1
2017.01.21,06:00,1.3051,1.3146,1.2952,1.2976,1
2017.01.21,07:00,1.2976,1.3068,1.288,1.2928,1
2017.01.21,08:00,1.2928,1.3026,1.2828,1.2975,1
2017.01.21,09:00,1.2975,1.3074,1.2876,1.2966,1
2017.01.21,10:00,1.2966,1.3062,1.2868,1.2895,1
2017.01.21,11:00,1.2895,1.2993,1.2796,1.2993,1
2017.01.21,12:00,1.2993,1.3092,1.2898,1.2965,1
2017.01.21,13:00,1.2965,1.3062,1.2872,1.3048,1
2017.01.21,14:00,1.3048,1.3147,1.295,1.3007,1
2017.01.21,15:00,1.3007,1.3104,1.2915,1.2916,1
2017.01.21,16:00,1.2916,1.3014,1.2816,1.2846,1
2017.01.21,17:00,1.2846,1.2946,1.275,1.2804,1
2017.01.21,18:00,1.2804,1.2902,1.2705,1.2846,1
2017.01.21,19:00,1.2846,1.294,1.2747,1.2933,1
2017.01.21,20:00,1.2933,1.3029,1.2835,1.292,1
2017.01.21,21:00,1.292,1.3012,1.2823,1.2884,1
2017.01.21,22:00,1.2884,1.298,1.2786,1.295,1
2017.01.21,23:00,1.295,1.3046,1.2866,1.295,1
2017.01.22,00:00,1.295,1.3048,1.2853,1.2894,1
2017.01.22,01:00,1.2894,1.2993,1.2808,1.2852,1
2017.01.22,02:00,1.2852,1.2952,1.2753,1.2813,1
2017.01.22,03:00,1.2813,1.2912,1.2714,1.2714,1
2017.01.22,04:00,1.2714,1.2809,1.2616,1.2775,1
2017.01.22,05:00,1.2775,1.2874,1.2679,1.2683,1
2017.01.22,06:00,1.2683,1.2782,1.2584,1.2712,1
2017.01.22,07:00,1.2712,1.2806,1.2617,1.2794,1
2017.01.22,08:00,1.2794,1.2884,1.2697,1.2791,1
2017.01.22,09:00,1.2791,1.2889,1.2698,1.2718,1
2017.01.22,10:00,1.2718,1.2814,1.2621,1.2666,1
2017.01.22,11:00,1.2666,1.2765,1.257,1.271,1
2017.01.22,12:00,1.271,1.2808,1.261,1.2766,1
2017.01.22,13:00,1.2766,1.2864,1.2669,1.2757,1
2017.01.22,14:00,1.2757,1.2855,1.2658,1.2775,1
2017.01.22,15:00,1.2775,1.2871,1.268,1.2811,1
2017.01.22,16:00,1.2811,1.291,1.2718,1.274,1
2017.01.22,17:00,1.274,1.2839,1.2643,1.2742,1
2017.01.22,18:00,1.2742,1.2839,1.2644,1.2666,1
2017.01.22,19:00,1.2666,1.2757,1.2569,1.2728,1
2017.01.22,20:00,1.2728,1.2827,1.263,1.2664,1
2017.01.22,21:00,1.2664,1.2763,1.2574,1.2738,1
2017.01.22,22:00,1.2738,1.2836,1.2639,1.2639,1
2017.01.22,23:00,1.2639,1.2737,1.2539,1.2709,1
2017.01.23,00:00,1.2709,1.2807,1.2612,1.2752,1
2017.01.23,01:00,1.2752,1.2849,1.2663,1.2745,1
2017.01.23,02:00,1.2745,1.2845,1.2652,1.2706,1
2017.01.23,03:00,1.2706,1.2791,1.2607,1.2635,1
2017.01.23,04:00,1.2635,1.2734,1.2537,1.2661,1
2017.01.23,05:00,1.2661,1.2759,1.2562,1.264,1
2017.01.23,06:00,1.264,1.2737,1.2543,1.2603,1
2017.01.23,07:00,1.2603,1.2698,1.2503,1.2615,1
2017.01.23,08:00,1.2615,1.2709,1.2518,1.2632,1
2017.01.23,09:00,1.2632,1.2727,1.2532,1.2567,1
2017.01.23,10:00,1.2567,1.2667,1.2468,1.2563,1
2017.01.23,11:00,1.2563,1.266,1.2469,1.2643,1
2017.01.23,12:00,1.2643,1.2728,1.2545,1.2622,1
2017.01.23,13:00,1.2622,1.2716,1.2526,1.2592,1
2017.01.23,14:00,1.2592,1.2685,1.2492,1.2524,1
2017.01.23,15:00,1.2524,1.2617,1.2433,1.258,1
2017.01.23,16:00,1.258,1.2677,1.248,1.2483,1
2017.01.23,17:00,1.2483,1.2578,1.2386,1.2515,1
2017.01.23,18:00,1.2515,1.2614,1.2423,1.2423,1
2017.01.23,19:00,1.2423,1.2513,1.2324,1.2449,1
2017.01.23,20:00,1.2449,1.2543,1.2351,1.2365,1
2017.01.23,21:00,1.2365,1.2464,1.2268,1.2353,1
2017.01.23,22:00,1.2353,1.2453,1.2257,1.2353,1
2017.01.23,23:00,1.2353,1.2452,1.2254,1.2443,1
2017.01.24,00:00,1.2443,1.2538,1.2343,1.249,1
2017.01.24,01:00,1.249,1.2589,1.2391,1.249,1
2017.01.24,02:00,1.249,1.2588,1.2402,1.2542,1
2017.01.24,03:00,1.2542,1.264,1.2442,1.2625,1
2017.01.24,04:00,1.2625,1.2723,1.2532,1.2669,1
2017.01.24,05:00,1.2669,1.2767,1.2569,1.2715,1
2017.01.24,06:00,1.2715,1.2811,1.2616,1.2773,1
2017.01.24,07:00,1.2773,1.2871,1.2677,1.2689,1
2017.01.24,08:00,1.2689,1.2788,1.2593,1.2771,1
2017.01.24,09:00,1.2771,1.2867,1.2673,1.2746,1
2017.01.24,10:00,1.2746,1.2845,1.2652,1.2804,1
2017.01.24,11:00,1.2804,1.2899,1.2705,1.2818,1
2017.01.24,12:00,1.2818,1.2912,1.2718,1.2732,1
2017.01.24,13:00,1.2732,1.2822,1.2632,1.2725,1
2017.01.24,14:00,1.2725,1.2823,1.2627,1.2804,1
2017.01.24,15:00,1.2804,1.2903,1.2713,1.2845,1
2017.01.24,16:00,1.2845,1.2941,1.2746,1.2925,1
2017.01.24,17:00,1.2925,1.3012,1.2828,1.2866,1
2017.01.24,18:00,1.2866,1.2965,1.2772,1.2905,1
2017.01.24,19:00,1.2905,1.3002,1.2812,1.2827,1
2017.01.24,20:00,1.2827,1.292,1.2736,1.2869,1
2017.01.24,21:00,1.2869,1.2968,1.277,1.2782,1
2017.01.24,22:00,1.2782,1.2879,1.2683,1.2861,1
2017.01.24,23:00,1.2861,1.296,1.2763,1.2883,1
2017.01.25,00:00,1.2883,1.2981,1.2784,1.2784,1
2017.01.25,01:00,1.2784,1.2874,1.2684,1.2831,1
2017.01.25,02:00,1.2831,1.2926,1.2731,1.287,1
2017.01.25,03:00,1.287,1.2965,1.2771,1.2927,1
2017.01.25,04:00,1.2927,1.3026,1.2827,1.2899,1
2017.01.25,05:00,1.2899,1.2994,1.2799,1.2812,1
2017.01.25,06:00,1.2812,1.2908,1.2716,1.2771,1
2017.01.25,07:00,1.2771,1.287,1.2673,1.279,1
2017.01.25,08:00,1.279,1.2887,1.2692,1.2875,1
2017.01.25,09:00,1.2875,1.2975,1.2778,1.2785,1
2017.01.25,10:00,1.2785,1.288,1.2701,1.2843,1
2017.01.25,11:00,1.2843,1.2942,1.2753,1.291,1
2017.01.25,12:00,1.291,1.3009,1.2815,1.2983,1
2017.01.25,13:00,1.2983,1.3083,1.2888,1.3023,1
2017.01.25,14:00,1.3023,1.312,1.2925,1.2986,1
2017.01.25,15:00,1.2986,1.3085,1.2888,1.2905,1
2017.01.25,16:00,1.2905,1.2998,1.2811,1.2852,1
2017.01.25,17:00,1.2852,1.2949,1.2752,1.282,1
2017.01.25,18:00,1.282,1.2916,1.2726,1.2726,1
2017.01.25,19:00,1.2726,1.2819,1.2628,1.2779,1
2017.01.25,20:00,1.2779,1.2875,1.2679,1.2864,1
2017.01.25,21:00,1.2864,1.2959,1.2765,1.2928,1
2017.01.25,22:00,1.2928,1.3027,1.2829,1.2864,1
2017.01.25,23:00,1.2864,1.2963,1.2764,1.2897,1
2017.01.26,00:00,1.2897,1.2993,1.2799,1.2903,1
2017.01.26,01:00,1.2903,1.3002,1.2812,1.2833,1
2017.01.26,02:00,1.2833,1.2932,1.2734,1.288,1
2017.01.26,03:00,1.288,1.2976,1.2781,1.2937,1
2017.01.26,04:00,1.2937,1.3037,1.2839,1.3015,1
2017.01.26,05:00,1.3015,1.3103,1.2917,1.2986,1
2017.01.26,06:00,1.2986,1.3086,1.2891,1.2899,1
2017.01.26,07:00,1.2899,1.2994,1.2802,1.2965,1
2017.01.26,08:00,1.2965,1.3065,1.2867,1.2879,1
2017.01.26,09:00,1.2879,1.2977,1.2784,1.2891,1
2017.01.26,10:00,1.2891,1.2987,1.2792,1.2987,1
2017.01.26,11:00,1.2987,1.3086,1.2888,1.2948,1
2017.01.26,12:00,1.2948,1.3048,1.285,1.2931,1
2017.01.26,13:00,1.2931,1.303,1.2833,1.2865,1
2017.01.26,14:00,1.2865,1.2964,1.2773,1.2843,1
2017.01.26,15:00,1.2843,1.2938,1.2746,1.2901,1
2017.01.26,16:00,1.2901,1.3001,1.281,1.2971,1
2017.01.26,17:00,1.2971,1.3071,1.2872,1.2883,1
2017.01.26,18:00,1.2883,1.2981,1.2786,1.2831,1
2017.01.26,19:00,1.2831,1.2928,1.2732,1.274,1
2017.01.26,20:00,1.274,1.2837,1.2643,1.2648,1
2017.01.26,21:00,1.2648,1.2748,1.2551,1.2603,1
2017.01.26,22:00,1.2603,1.2701,1.2508,1.2523,1
2017.01.26,23:00,1.2523,1.262,1.2424,1.2433,1
2017.01.27,00:00,1.2433,1.253,1.2341,1.2388,1
2017.01.27,01:00,1.2388,1.2488,1.2301,1.2426,1
2017.01.27,02:00,1.2426,1.2523,1.2332,1.2507,1
2017.01.27,03:00,1.2507,1.2606,1.2407,1.2495,1
2017.01.27,04:00,1.2495,1.2587,1.2397,1.2442,1
2017.01.27,05:00,1.2442,1.2535,1.2349,1.2349,1
2017.01.27,06:00,1.2349,1.244,1.2256,1.2319,1
2017.01.27,07:00,1.2319,1.2417,1.2222,1.2232,1
2017.01.27,08:00,1.2232,1.232,1.2134,1.2246,1
2017.01.27,09:00,1.2246,1.2344,1.2147,1.2274,1
2017.01.27,10:00,1.2274,1.2373,1.2181,1.2322,1
2017.01.27,11:00,1.2322,1.2407,1.2223,1.2279,1
2017.01.27,12:00,1.2279,1.2379,1.2182,1.2199,1
2017.01.27,13:00,1.2199,1.2296,1.2099,1.2172,1
2017.01.27,14:00,1.2172,1.2268,1.208,1.2183,1
2017.01.27,15:00,1.2183,1.2276,1.2084,1.2173,1
2017.01.27,16:00,1.2173,1.2267,1.2086,1.2132,1
2017.01.27,17:00,1.2132,1.2225,1.2034,1.2201,1
2017.01.27,18:00,1.2201,1.2298,1.2108,1.2221,1
2017.01.27,19:00,1.2221,1.2314,1.2123,1.2255,1
2017.01.27,20:00,1.2255,1.2351,1.2157,1.2223,1
2017.01.27,21:00,1.2223,1.2317,1.2125,1.2303,1
2017.01.27,22:00,1.2303,1.2397,1.2206,1.229,1
2017.01.27,23:00,1.229,1.239,1.2194,1.2207,1
2017.01.28,00:00,1.2207,1.2306,1.2115,1.2202,1
2017.01.28,01:00,1.2202,1.23,1.2102,1.2207,1
2017.01.28,02:00,1.2207,1.2306,1.211,1.2115,1
2017.01.28,03:00,1.2115,1.2212,1.2018,1.2188,1
2017.01.28,04:00,1.2188,1.2288,1.2094,1.2246,1
2017.01.28,05:00,1.2246,1.2333,1.215,1.2159,1
2017.01.28,06:00,1.2159,1.2255,1.208,1.216,1
2017.01.28,07:00,1.216,1.2255,1.207,1.2113,1
2017.01.28,08:00,1.2113,1.2203,1.2019,1.2113,1
2017.01.28,09:00,1.2113,1.2203,1.2014,1.208,1
2017.01.28,10:00,1.208,1.218,1.198,1.2158,1
2017.01.28,11:00,1.2158,1.2257,1.2065,1.2226,1
2017.01.28,12:00,1.2226,1.2325,1.2126,1.215,1
2017.01.28,13:00,1.215,1.2245,1.2053,1.2161,1
2017.01.28,14:00,1.2161,1.2256,1.2067,1.2205,1
2017.01.28,15:00,1.2205,1.2299,1.2106,1.2232,1
2017.01.28,16:00,1.2232,1.2328,1.2133,1.2155,1
2017.01.28,17:00,1.2155,1.2248,1.2059,1.2162,1
2017.01.28,18:00,1.2162,1.2262,1.2068,1.2125,1
2017.01.28,19:00,1.2125,1.2222,1.2032,1.2044,1
2017.01.28,20:00,1.2044,1.2139,1.1946,1.2055,1
2017.01.28,21:00,1.2055,1.2147,1.1956,1.1957,1
2017.01.28,22:00,1.1957,1.2054,1.186,1.1945,1
2017.01.28,23:00,1.1945,1.2044,1.1846,1.2032,1
2017.01.29,00:00,1.2032,1.2127,1.1936,1.1941,1
2017.01.29,01:00,1.1941,1.2039,1.1848,1.2001,1
2017.01.29,02:00,1.2001,1.2097,1.1908,1.1954,1
2017.01.29,03:00,1.1954,1.2053,1.1855,1.1889,1
2017.01.29,04:00,1.1889,1.1985,1.1794,1.1848,1
2017.01.29,05:00,1.1848,1.1945,1.1752,1.1893,1
2017.01.29,06:00,1.1893,1.1981,1.1793,1.189,1
2017.01.29,07:00,1.189,1.1975,1.1796,1.1928,1
2017.01.29,08:00,1.1928,1.2022,1.1837,1.1915,1
2017.01.29,09:00,1.1915,1.2014,1.1816,1.1827,1
2017.01.29,10:00,1.1827,1.1919,1.1728,1.1835,1
2017.01.29,11:00,1.1835,1.1935,1.1735,1.1884,1
2017.01.29,12:00,1.1884,1.1979,1.179,1.1853,1
2017.01.29,13:00,1.1853,1.1947,1.1754,1.178,1
2017.01.29,14:00,1.178,1.1879,1.1688,1.1768,1
2017.01.29,15:00,1.1768,1.1868,1.1669,1.173,1
2017.01.29,16:00,1.173,1.1829,1.1632,1.1726,1
2017.01.29,17:00,1.1726,1.1822,1.1628,1.1646,1
2017.01.29,18:00,1.1646,1.1745,1.1549,1.1603,1
2017.01.29,19:00,1.1603,1.1703,1.1504,1.1698,1
2017.01.29,20:00,1.1698,1.1798,1.16,1.1639,1
2017.01.29,21:00,1.1639,1.1738,1.1539,1.1723,1
2017.01.29,22:00,1.1723,1.1822,1.1624,1.1785,1
2017.01.29,23:00,1.1785,1.1885,1.1692,1.1704,1
2017.01.30,00:00,1.1704,1.18,1.1606,1.1659,1
2017.01.30,01:00,1.1659,1.1756,1.156,1.173,1
2017.01.30,02:00,1.173,1.183,1.1631,1.1749,1
2017.01.30,03:00,1.1749,1.1845,1.165,1.1825,1
2017.01.30,04:00,1.1825,1.1923,1.173,1.1919,1
2017.01.30,05:00,1.1919,1.2011,1.182,1.185,1
2017.01.30,06:00,1.185,1.1942,1.1757,1.1923,1
2017.01.30,07:00,1.1923,1.2018,1.1823,1.1946,1
2017.01.30,08:00,1.1946,1.2035,1.1851,1.2033,1
2017.01.30,09:00,1.2033,1.2133,1.1935,1.2041,1
2017.01.30,10:00,1.2041,1.2135,1.1942,1.2135,1
2017.01.30,11:00,1.2135,1.2235,1.2035,1.2234,1
2017.01.30,12:00,1.2234,1.2334,1.2137,1.2334,1
2017.01.30,13:00,1.2334,1.2433,1.2245,1.2264,1
2017.01.30,14:00,1.2264,1.2362,1.2168,1.233,1
2017.01.30,15:00,1.233,1.2426,1.2232,1.2336,1
2017.01.30,16:00,1.2336,1.243,1.2238,1.2247,1
2017.01.30,17:00,1.2247,1.2336,1.2156,1.2288,1
2017.01.30,18:00,1.2288,1.2386,1.2191,1.2262,1
2017.01.30,19:00,1.2262,1.2355,1.217,1.2329,1
2017.01.30,20:00,1.2329,1.2424,1.2242,1.2258,1
2017.01.30,21:00,1.2258,1.2358,1.2161,1.2295,1
2017.01.30,22:00,1.2295,1.2387,1.2195,1.2262,1
2017.01.30,23:00,1.2262,1.2362,1.2167,1.235,1
2017.01.31,00:00,1.235,1.2448,1.2256,1.2265,1
2017.01.31,01:00,1.2265,1.2364,1.2165,1.2209,1
2017.01.31,02:00,1.2209,1.2309,1.2112,1.2154,1
2017.01.31,03:00,1.2154,1.2254,1.2058,1.2252,1
2017.01.31,04:00,1.2252,1.2346,1.2154,1.2252,1
2017.01.31,05:00,1.2252,1.2346,1.2153,1.2214,1
2017.01.31,06:00,1.2214,1.2311,1.2115,1.2302,1
2017.01.31,07:00,1.2302,1.2393,1.2203,1.2204,1
2017.01.31,08:00,1.2204,1.2294,1.2105,1.2155,1
2017.01.31,09:00,1.2155,1.2246,1.2057,1.2246,1
2017.01.31,10:00,1.2246,1.2325,1.2148,1.2208,1
2017.01.31,11:00,1.2208,1.2303,1.2109,1.2282,1
2017.01.31,12:00,1.2282,1.2376,1.2185,1.2256,1
2017.01.31,13:00,1.2256,1.2346,1.2156,1.2278,1
2017.01.31,14:00,1.2278,1.2375,1.2178,1.2273,1
2017.01.31,15:00,1.2273,1.2364,1.2175,1.2351,1
2017.01.31,16:00,1.2351,1.2449,1.2257,1.2364,1
2017.01.31,17:00,1.2364,1.246,1.2267,1.2269,1
2017.01.31,18:00,1.2269,1.2366,1.2181,1.233,1
2017.01.31,19:00,1.233,1.2428,1.2241,1.2408,1
2017.01.31,20:00,1.2408,1.2504,1.2309,1.2325,1
2017.01.31,21:00,1.2325,1.2424,1.2234,1.2326,1
2017.01.31,22:00,1.2326,1.2423,1.2228,1.2313,1
2017.01.31,23:00,1.2313,1.241,1.2217,1.241,1
2017.02.01,00:00,1.241,1.251,1.2313,1.2419,1
2017.02.01,01:00,1.2419,1.2518,1.2328,1.2423,1
2017.02.01,02:00,1.2423,1.2514,1.2323,1.25,1
2017.02.01,03:00,1.25,1.2596,1.2407,1.2542,1
2017.02.01,04:00,1.2542,1.264,1.245,1.2464,1
2017.02.01,05:00,1.2464,1.2562,1.2366,1.253,1
2017.02.01,06:00,1.253,1.2625,1.2432,1.2453,1
2017.02.01,07:00,1.2453,1.2549,1.2354,1.2396,1
2017.02.01,08:00,1.2396,1.2496,1.2298,1.2462,1
2017.02.01,09:00,1.2462,1.2559,1.2364,1.2433,1
2017.02.01,10:00,1.2433,1.2533,1.2335,1.2349,1
2017.02.01,11:00,1.2349,1.2442,1.2257,1.2361,1
2017.02.01,12:00,1.2361,1.2459,1.2261,1.2404,1
2017.02.01,13:00,1.2404,1.2502,1.2306,1.2429,1
2017.02.01,14:00,1.2429,1.2526,1.2329,1.2412,1
2017.02.01,15:00,1.2412,1.2512,1.2315,1.2374,1
2017.02.01,16:00,1.2374,1.2471,1.2274,1.2315,1
2017.02.01,17:00,1.2315,1.2414,1.2222,1.2414,1
2017.02.01,18:00,1.2414,1.2509,1.2325,1.2459,1
2017.02.01,19:00,1.2459,1.2558,1.236,1.2551,1
2017.02.01,20:00,1.2551,1.2651,1.2468,1.2623,1
2017.02.01,21:00,1.2623,1.2719,1.2526,1.2652,1
2017.02.01,22:00,1.2652,1.2751,1.2555,1.2735,1
2017.02.01,23:00,1.2735,1.2825,1.2645,1.2666,1
2017.02.02,00:00,1.2666,1.2764,1.2575,1.2674,1
2017.02.02,01:00,1.2674,1.2773,1.2577,1.2649,1
2017.02.02,02:00,1.2649,1.2746,1.2559,1.2729,1
2017.02.02,03:00,1.2729,1.2826,1.2629,1.2758,1
2017.02.02,04:00,1.2758,1.2851,1.266,1.2851,1
2017.02.02,05:00,1.2851,1.2949,1.2751,1.2916,1
2017.02.02,06:00,1.2916,1.3015,1.2819,1.2819,1
2017.02.02,07:00,1.2819,1.2913,1.2722,1.2766,1
2017.02.02,08:00,1.2766,1.2859,1.2671,1.2697,1
2017.02.02,09:00,1.2697,1.2794,1.2601,1.2697,1
2017.02.02,10:00,1.2697,1.2795,1.2598,1.2645,1
2017.02.02,11:00,1.2645,1.2745,1.2546,1.2586,1
2017.02.02,12:00,1.2586,1.2685,1.2493,1.2658,1
2017.02.02,13:00,1.2658,1.2758,1.2564,1.274,1
2017.02.02,14:00,1.274,1.2837,1.2645,1.2692,1
2017.02.02,15:00,1.2692,1.2788,1.2592,1.2731,1
2017.02.02,16:00,1.2731,1.283,1.2635,1.2785,1
2017.02.02,17:00,1.2785,1.2875,1.2686,1.2855,1
2017.02.02,18:00,1.2855,1.2953,1.2761,1.2761,1
2017.02.02,19:00,1.2761,1.286,1.2665,1.2795,1
2017.02.02,20:00,1.2795,1.2895,1.2695,1.2842,1
2017.02.02,21:00,1.2842,1.2941,1.2743,1.2745,1
2017.02.02,22:00,1.2745,1.2844,1.2645,1.2653,1
2017.02.02,23:00,1.2653,1.2749,1.2556,1.2717,1
2017.02.03,00:00,1.2717,1.281,1.2622,1.2646,1
2017.02.03,01:00,1.2646,1.274,1.255,1.2715,1
2017.02.03,02:00,1.2715,1.2813,1.2615,1.2813,1
2017.02.03,03:00,1.2813,1.2906,1.2713,1.2886,1
2017.02.03,04:00,1.2886,1.298,1.2797,1.2844,1
2017.02.03,05:00,1.2844,1.2942,1.2747,1.2768,1
2017.02.03,06:00,1.2768,1.2864,1.2668,1.2772,1
2017.02.03,07:00,1.2772,1.2871,1.2673,1.2811,1
2017.02.03,08:00,1.2811,1.2906,1.2711,1.2832,1
2017.02.03,09:00,1.2832,1.2931,1.2741,1.2878,1
2017.02.03,10:00,1.2878,1.2971,1.2779,1.2943,1
2017.02.03,11:00,1.2943,1.3038,1.2848,1.2856,1
2017.02.03,12:00,1.2856,1.2955,1.2757,1.2891,1
2017.02.03,13:00,1.2891,1.2985,1.2795,1.288,1
2017.02.03,14:00,1.288,1.2968,1.2782,1.2839,1
2017.02.03,15:00,1.2839,1.2932,1.2743,1.2792,1
2017.02.03,16:00,1.2792,1.2889,1.2693,1.2695,1
2017.02.03,17:00,1.2695,1.2793,1.2597,1.2709,1
2017.02.03,18:00,1.2709,1.2801,1.2613,1.2721,1
2017.02.03,19:00,1.2721,1.2813,1.2625,1.2784,1
2017.02.03,20:00,1.2784,1.2881,1.2688,1.2856,1
2017.02.03,21:00,1.2856,1.2954,1.2756,1.2945,1
2017.02.03,22:00,1.2945,1.3042,1.285,1.3031,1
2017.02.03,23:00,1.3031,1.3126,1.2933,1.3045,1
2017.02.04,00:00,1.3045,1.3132,1.2948,1.2999,1
2017.02.04,01:00,1.2999,1.3098,1.2901,1.2947,1
2017.02.04,02:00,1.2947,1.3046,1.2847,1.2919,1
2017.02.04,03:00,1.2919,1.3013,1.283,1.2891,1
2017.02.04,04:00,1.2891,1.299,1.2795,1.287,1
2017.02.04,05:00,1.287,1.2969,1.2772,1.2886,1
2017.02.04,06:00,1.2886,1.2984,1.2787,1.2973,1
2017.02.04,07:00,1.2973,1.3072,1.289,1.2983,1
2017.02.04,08:00,1.2983,1.3082,1.2888,1.3017,1
2017.02.04,09:00,1.3017,1.3116,1.2922,1.2967,1
2017.02.04,10:00,1.2967,1.3064,1.2872,1.296,1
2017.02.04,11:00,1.296,1.3052,1.2863,1.2985,1
2017.02.04,12:00,1.2985,1.3085,1.2894,1.3055,1
2017.02.04,13:00,1.3055,1.3143,1.296,1.3001,1
2017.02.04,14:00,1.3001,1.3099,1.2902,1.2909,1
2017.02.04,15:00,1.2909,1.3007,1.2813,1.2995,1
2017.02.04,16:00,1.2995,1.3094,1.2898,1.2984,1
2017.02.04,17:00,1.2984,1.3082,1.2886,1.3006,1
2017.02.04,18:00,1.3006,1.3106,1.2912,1.2996,1
2017.02.04,19:00,1.2996,1.3095,1.2898,1.3036,1
2017.02.04,20:00,1.3036,1.3135,1.2936,1.3123,1
2017.02.04,21:00,1.3123,1.3221,1.3028,1.3121,1
2017.02.04,22:00,1.3121,1.322,1.3021,1.3108,1
2017.02.04,23:00,1.3108,1.3207,1.3013,1.3028,1
2017.02.05,00:00,1.3028,1.3124,1.2933,1.3074,1
2017.02.05,01:00,1.3074,1.3174,1.2974,1.3064,1
2017.02.05,02:00,1.3064,1.3163,1.2965,1.3163,1
2017.02.05,03:00,1.3163,1.3263,1.3067,1.3086,1
2017.02.05,04:00,1.3086,1.3182,1.2988,1.3182,1
2017.02.05,05:00,1.3182,1.328,1.3083,1.3172,1
2017.02.05,06:00,1.3172,1.3271,1.3087,1.3171,1
2017.02.05,07:00,1.3171,1.327,1.3075,1.3142,1
2017.02.05,08:00,1.3142,1.3233,1.3044,1.3127,1
2017.02.05,09:00,1.3127,1.3223,1.3029,1.309,1
2017.02.05,10:00,1.309,1.319,1.2995,1.3111,1
2017.02.05,11:00,1.3111,1.321,1.3013,1.3113,1
2017.02.05,12:00,1.3113,1.3213,1.3017,1.31,1
2017.02.05,13:00,1.31,1.3197,1.3001,1.3128,1
2017.02.05,14:00,1.3128,1.3219,1.303,1.3194,1
2017.02.05,15:00,1.3194,1.329,1.3096,1.329,1
2017.02.05,16:00,1.329,1.3388,1.3192,1.3332,1
2017.02.05,17:00,1.3332,1.3429,1.3233,1.3332,1
2017.02.05,18:00,1.3332,1.3422,1.3237,1.3395,1
2017.02.05,19:00,1.3395,1.3495,1.33,1.3448,1
2017.02.05,20:00,1.3448,1.3543,1.3356,1.344,1
2017.02.05,21:00,1.344,1.3539,1.3348,1.3459,1
2017.02.05,22:00,1.3459,1.3557,1.3363,1.3424,1
2017.02.05,23:00,1.3424,1.3522,1.3325,1.3407,1
2017.02.06,00:00,1.3407,1.3507,1.3312,1.3425,1
2017.02.06,01:00,1.3425,1.3522,1.3329,1.3518,1
2017.02.06,02:00,1.3518,1.3605,1.3423,1.359,1
2017.02.06,03:00,1.359,1.3689,1.3495,1.3512,1
2017.02.06,04:00,1.3512,1.3608,1.3413,1.3465,1
2017.02.06,05:00,1.3465,1.3565,1.3365,1.3552,1
2017.02.06,06:00,1.3552,1.3652,1.3453,1.3517,1
2017.02.06,07:00,1.3517,1.3615,1.3418,1.3445,1
2017.02.06,08:00,1.3445,1.3543,1.3346,1.3461,1
2017.02.06,09:00,1.3461,1.3554,1.3366,1.3426,1
2017.02.06,10:00,1.3426,1.352,1.3332,1.3398,1
2017.02.06,11:00,1.3398,1.3497,1.3299,1.3314,1
2017.02.06,12:00,1.3314,1.3407,1.3217,1.3374,1
2017.02.06,13:00,1.3374,1.3471,1.3275,1.336,1
2017.02.06,14:00,1.336,1.346,1.3261,1.3293,1
2017.02.06,15:00,1.3293,1.3391,1.3196,1.3372,1
2017.02.06,16:00,1.3372,1.3471,1.3277,1.3462,1
2017.02.06,17:00,1.3462,1.3559,1.3362,1.3467,1
2017.02.06,18:00,1.3467,1.3563,1.337,1.3476,1
2017.02.06,19:00,1.3476,1.3571,1.3379,1.3545,1
2017.02.06,20:00,1.3545,1.3644,1.3446,1.3446,1
2017.02.06,21:00,1.3446,1.3545,1.3347,1.3403,1
2017.02.06,22:00,1.3403,1.3499,1.3303,1.3483,1
2017.02.06,23:00,1.3483,1.3582,1.3388,1.3483,1
2017.02.07,00:00,1.3483,1.3575,1.3387,1.3568,1
2017.02.07,01:00,1.3568,1.3667,1.347,1.3634,1
2017.02.07,02:00,1.3634,1.3731,1.3537,1.3626,1
2017.02.07,03:00,1.3626,1.3719,1.3529,1.3589,1
2017.02.07,04:00,1.3589,1.3684,1.3491,1.3533,1
2017.02.07,05:00,1.3533,1.3631,1.3434,1.3505,1
2017.02.07,06:00,1.3505,1.3605,1.341,1.3595,1
2017.02.07,07:00,1.3595,1.3695,1.3497,1.3663,1
2017.02.07,08:00,1.3663,1.3752,1.3565,1.3669,1
2017.02.07,09:00,1.3669,1.3759,1.3573,1.3753,1
2017.02.07,10:00,1.3753,1.3848,1.3659,1.3782,1
2017.02.07,11:00,1.3782,1.3877,1.3685,1.3787,1
2017.02.07,12:00,1.3787,1.3877,1.3693,1.3741,1
2017.02.07,13:00,1.3741,1.384,1.3642,1.3746,1
2017.02.07,14:00,1.3746,1.3845,1.3651,1.3815,1
2017.02.07,15:00,1.3815,1.3913,1.3718,1.3774,1
2017.02.07,16:00,1.3774,1.3871,1.3674,1.3684,1
2017.02.07,17:00,1.3684,1.378,1.3584,1.364,1
2017.02.07,18:00,1.364,1.3739,1.3542,1.3613,1
2017.02.07,19:00,1.3613,1.371,1.3515,1.3528,1
2017.02.07,20:00,1.3528,1.3611,1.3435,1.3585,1
2017.02.07,21:00,1.3585,1.3683,1.3488,1.3656,1
2017.02.07,22:00,1.3656,1.3752,1.3558,1.3731,1
2017.02.07,23:00,1.3731,1.3826,1.3631,1.3738,1
2017.02.08,00:00,1.3738,1.3835,1.3642,1.3817,1
2017.02.08,01:00,1.3817,1.391,1.3719,1.3753,1
2017.02.08,02:00,1.3753,1.3852,1.3664,1.3691,1
2017.02.08,03:00,1.3691,1.379,1.3598,1.3725,1
2017.02.08,04:00,1.3725,1.3825,1.3625,1.363,1
2017.02.08,05:00,1.363,1.3721,1.3531,1.3583,1
2017.02.08,06:00,1.3583,1.3682,1.3485,1.3616,1
2017.02.08,07:00,1.3616,1.3712,1.3517,1.3664,1
2017.02.08,08:00,1.3664,1.3759,1.3568,1.366,1
2017.02.08,09:00,1.366,1.376,1.3561,1.3701,1
2017.02.08,10:00,1.3701,1.3801,1.3602,1.3778,1
2017.02.08,11:00,1.3778,1.3877,1.3684,1.3708,1
2017.02.08,12:00,1.3708,1.3808,1.3608,1.3629,1
2017.02.08,13:00,1.3629,1.3727,1.3531,1.3624,1
2017.02.08,14:00,1.3624,1.3723,1.3526,1.3628,1
2017.02.08,15:00,1.3628,1.3726,1.3529,1.3608,1
2017.02.08,16:00,1.3608,1.3703,1.3521,1.3699,1
2017.02.08,17:00,1.3699,1.3797,1.36,1.3793,1
2017.02.08,18:00,1.3793,1.3893,1.3696,1.3785,1
2017.02.08,19:00,1.3785,1.3884,1.3686,1.3754,1
2017.02.08,20:00,1.3754,1.3851,1.3657,1.3719,1
2017.02.08,21:00,1.3719,1.3819,1.3622,1.3813,1
2017.02.08,22:00,1.3813,1.3911,1.3714,1.3782,1
2017.02.08,23:00,1.3782,1.3879,1.3685,1.3754,1
2017.02.09,00:00,1.3754,1.3846,1.3662,1.3792,1
2017.02.09,01:00,1.3792,1.389,1.3695,1.382,1
2017.02.09,02:00,1.382,1.3914,1.3722,1.3827,1
2017.02.09,03:00,1.3827,1.3922,1.3727,1.3836,1
2017.02.09,04:00,1.3836,1.3934,1.3736,1.389,1
2017.02.09,05:00,1.389,1.3988,1.3795,1.3856,1
2017.02.09,06:00,1.3856,1.3955,1.376,1.3859,1
2017.02.09,07:00,1.3859,1.3958,1.376,1.3927,1
2017.02.09,08:00,1.3927,1.4022,1.3831,1.3877,1
2017.02.09,09:00,1.3877,1.3977,1.3781,1.3864,1
2017.02.09,10:00,1.3864,1.3957,1.3765,1.3771,1
2017.02.09,11:00,1.3771,1.3866,1.3673,1.3718,1
2017.02.09,12:00,1.3718,1.3816,1.3628,1.3812,1
2017.02.09,13:00,1.3812,1.3904,1.3722,1.3735,1
2017.02.09,14:00,1.3735,1.3833,1.3638,1.371,1
2017.02.09,15:00,1.371,1.3809,1.3611,1.3635,1
2017.02.09,16:00,1.3635,1.3734,1.3539,1.3695,1
2017.02.09,17:00,1.3695,1.3791,1.3602,1.3752,1
2017.02.09,18:00,1.3752,1.3851,1.3663,1.3711,1
2017.02.09,19:00,1.3711,1.3811,1.3612,1.3658,1
2017.02.09,20:00,1.3658,1.3758,1.3579,1.3586,1
2017.02.09,21:00,1.3586,1.3686,1.3488,1.3499,1
2017.02.09,22:00,1.3499,1.359,1.34,1.3412,1
2017.02.09,23:00,1.3412,1.3511,1.3316,1.3501,1
2017.02.10,00:00,1.3501,1.3597,1.3405,1.3545,1
2017.02.10,01:00,1.3545,1.3642,1.3448,1.3563,1
2017.02.10,02:00,1.3563,1.3661,1.3466,1.3572,1
2017.02.10,03:00,1.3572,1.3671,1.3473,1.3501,1
2017.02.10,04:00,1.3501,1.36,1.3401,1.3424,1
2017.02.10,05:00,1.3424,1.3524,1.3327,1.3344,1
2017.02.10,06:00,1.3344,1.344,1.3247,1.343,1
2017.02.10,07:00,1.343,1.3529,1.3332,1.3446,1
2017.02.10,08:00,1.3446,1.3546,1.3347,1.3501,1
2017.02.10,09:00,1.3501,1.3601,1.3405,1.3575,1
2017.02.10,10:00,1.3575,1.3672,1.3476,1.364,1
2017.02.10,11:00,1.364,1.3734,1.3546,1.3581,1
2017.02.10,12:00,1.3581,1.3677,1.3485,1.3599,1
2017.02.10,13:00,1.3599,1.3695,1.3503,1.3607,1
2017.02.10,14:00,1.3607,1.3703,1.3509,1.3703,1
2017.02.10,15:00,1.3703,1.3797,1.3604,1.3651,1
2017.02.10,16:00,1.3651,1.3747,1.3552,1.3737,1
2017.02.10,17:00,1.3737,1.3837,1.3644,1.3673,1
2017.02.10,18:00,1.3673,1.3772,1.3576,1.3709,1
2017.02.10,19:00,1.3709,1.3808,1.3616,1.3693,1
2017.02.10,20:00,1.3693,1.3792,1.3597,1.3698,1
2017.02.10,21:00,1.3698,1.3797,1.3599,1.3796,1
2017.02.10,22:00,1.3796,1.3889,1.3706,1.3779,1
2017.02.10,23:00,1.3779,1.3873,1.3684,1.3835,1
2017.02.11,00:00,1.3835,1.3934,1.3737,1.3878,1
2017.02.11,01:00,1.3878,1.3976,1.3781,1.3921,1
2017.02.11,02:00,1.3921,1.4017,1.3829,1.3977,1
2017.02.11,03:00,1.3977,1.4073,1.3881,1.4011,1
2017.02.11,04:00,1.4011,1.4109,1.3928,1.4074,1
2017.02.11,05:00,1.4074,1.4169,1.3979,1.4043,1
2017.02.11,06:00,1.4043,1.4141,1.3944,1.3976,1
2017.02.11,07:00,1.3976,1.4074,1.3877,1.4073,1
2017.02.11,08:00,1.4073,1.4162,1.3974,1.3976,1
2017.02.11,09:00,1.3976,1.4066,1.3877,1.3897,1
2017.02.11,10:00,1.3897,1.3996,1.3799,1.3899,1
2017.02.11,11:00,1.3899,1.3992,1.3808,1.3832,1
2017.02.11,12:00,1.3832,1.3931,1.3733,1.3873,1
2017.02.11,13:00,1.3873,1.3972,1.3775,1.3778,1
2017.02.11,14:00,1.3778,1.3877,1.3681,1.3743,1
2017.02.11,15:00,1.3743,1.384,1.3648,1.3735,1
2017.02.11,16:00,1.3735,1.3829,1.3638,1.3761,1
